dataset/GTSDB/images/00000.jpg,mask/00000.jpg
dataset/GTSDB/images/00001.jpg,mask/00001.jpg
dataset/GTSDB/images/00001.jpg,mask/00001.jpg
dataset/GTSDB/images/00001.jpg,mask/00001.jpg
dataset/GTSDB/images/00002.jpg,mask/00002.jpg
dataset/GTSDB/images/00003.jpg,mask/00003.jpg
dataset/GTSDB/images/00003.jpg,mask/00003.jpg
dataset/GTSDB/images/00003.jpg,mask/00003.jpg
dataset/GTSDB/images/00004.jpg,mask/00004.jpg
dataset/GTSDB/images/00004.jpg,mask/00004.jpg
dataset/GTSDB/images/00006.jpg,mask/00006.jpg
dataset/GTSDB/images/00007.jpg,mask/00007.jpg
dataset/GTSDB/images/00008.jpg,mask/00008.jpg
dataset/GTSDB/images/00008.jpg,mask/00008.jpg
dataset/GTSDB/images/00009.jpg,mask/00009.jpg
dataset/GTSDB/images/00010.jpg,mask/00010.jpg
dataset/GTSDB/images/00011.jpg,mask/00011.jpg
dataset/GTSDB/images/00011.jpg,mask/00011.jpg
dataset/GTSDB/images/00012.jpg,mask/00012.jpg
dataset/GTSDB/images/00013.jpg,mask/00013.jpg
dataset/GTSDB/images/00014.jpg,mask/00014.jpg
dataset/GTSDB/images/00015.jpg,mask/00015.jpg
dataset/GTSDB/images/00016.jpg,mask/00016.jpg
dataset/GTSDB/images/00017.jpg,mask/00017.jpg
dataset/GTSDB/images/00017.jpg,mask/00017.jpg
dataset/GTSDB/images/00018.jpg,mask/00018.jpg
dataset/GTSDB/images/00019.jpg,mask/00019.jpg
dataset/GTSDB/images/00019.jpg,mask/00019.jpg
dataset/GTSDB/images/00020.jpg,mask/00020.jpg
dataset/GTSDB/images/00021.jpg,mask/00021.jpg
dataset/GTSDB/images/00023.jpg,mask/00023.jpg
dataset/GTSDB/images/00023.jpg,mask/00023.jpg
dataset/GTSDB/images/00023.jpg,mask/00023.jpg
dataset/GTSDB/images/00025.jpg,mask/00025.jpg
dataset/GTSDB/images/00025.jpg,mask/00025.jpg
dataset/GTSDB/images/00026.jpg,mask/00026.jpg
dataset/GTSDB/images/00027.jpg,mask/00027.jpg
dataset/GTSDB/images/00027.jpg,mask/00027.jpg
dataset/GTSDB/images/00028.jpg,mask/00028.jpg
dataset/GTSDB/images/00028.jpg,mask/00028.jpg
dataset/GTSDB/images/00029.jpg,mask/00029.jpg
dataset/GTSDB/images/00030.jpg,mask/00030.jpg
dataset/GTSDB/images/00031.jpg,mask/00031.jpg
dataset/GTSDB/images/00031.jpg,mask/00031.jpg
dataset/GTSDB/images/00032.jpg,mask/00032.jpg
dataset/GTSDB/images/00032.jpg,mask/00032.jpg
dataset/GTSDB/images/00033.jpg,mask/00033.jpg
dataset/GTSDB/images/00035.jpg,mask/00035.jpg
dataset/GTSDB/images/00035.jpg,mask/00035.jpg
dataset/GTSDB/images/00036.jpg,mask/00036.jpg
dataset/GTSDB/images/00036.jpg,mask/00036.jpg
dataset/GTSDB/images/00037.jpg,mask/00037.jpg
dataset/GTSDB/images/00038.jpg,mask/00038.jpg
dataset/GTSDB/images/00039.jpg,mask/00039.jpg
dataset/GTSDB/images/00039.jpg,mask/00039.jpg
dataset/GTSDB/images/00040.jpg,mask/00040.jpg
dataset/GTSDB/images/00040.jpg,mask/00040.jpg
dataset/GTSDB/images/00041.jpg,mask/00041.jpg
dataset/GTSDB/images/00042.jpg,mask/00042.jpg
dataset/GTSDB/images/00043.jpg,mask/00043.jpg
dataset/GTSDB/images/00043.jpg,mask/00043.jpg
dataset/GTSDB/images/00043.jpg,mask/00043.jpg
dataset/GTSDB/images/00044.jpg,mask/00044.jpg
dataset/GTSDB/images/00045.jpg,mask/00045.jpg
dataset/GTSDB/images/00046.jpg,mask/00046.jpg
dataset/GTSDB/images/00047.jpg,mask/00047.jpg
dataset/GTSDB/images/00048.jpg,mask/00048.jpg
dataset/GTSDB/images/00048.jpg,mask/00048.jpg
dataset/GTSDB/images/00048.jpg,mask/00048.jpg
dataset/GTSDB/images/00049.jpg,mask/00049.jpg
dataset/GTSDB/images/00049.jpg,mask/00049.jpg
dataset/GTSDB/images/00050.jpg,mask/00050.jpg
dataset/GTSDB/images/00050.jpg,mask/00050.jpg
dataset/GTSDB/images/00051.jpg,mask/00051.jpg
dataset/GTSDB/images/00052.jpg,mask/00052.jpg
dataset/GTSDB/images/00052.jpg,mask/00052.jpg
dataset/GTSDB/images/00053.jpg,mask/00053.jpg
dataset/GTSDB/images/00053.jpg,mask/00053.jpg
dataset/GTSDB/images/00054.jpg,mask/00054.jpg
dataset/GTSDB/images/00054.jpg,mask/00054.jpg
dataset/GTSDB/images/00054.jpg,mask/00054.jpg
dataset/GTSDB/images/00054.jpg,mask/00054.jpg
dataset/GTSDB/images/00055.jpg,mask/00055.jpg
dataset/GTSDB/images/00056.jpg,mask/00056.jpg
dataset/GTSDB/images/00057.jpg,mask/00057.jpg
dataset/GTSDB/images/00058.jpg,mask/00058.jpg
dataset/GTSDB/images/00059.jpg,mask/00059.jpg
dataset/GTSDB/images/00060.jpg,mask/00060.jpg
dataset/GTSDB/images/00060.jpg,mask/00060.jpg
dataset/GTSDB/images/00061.jpg,mask/00061.jpg
dataset/GTSDB/images/00063.jpg,mask/00063.jpg
dataset/GTSDB/images/00064.jpg,mask/00064.jpg
dataset/GTSDB/images/00065.jpg,mask/00065.jpg
dataset/GTSDB/images/00066.jpg,mask/00066.jpg
dataset/GTSDB/images/00067.jpg,mask/00067.jpg
dataset/GTSDB/images/00068.jpg,mask/00068.jpg
dataset/GTSDB/images/00069.jpg,mask/00069.jpg
dataset/GTSDB/images/00070.jpg,mask/00070.jpg
dataset/GTSDB/images/00072.jpg,mask/00072.jpg
dataset/GTSDB/images/00073.jpg,mask/00073.jpg
dataset/GTSDB/images/00073.jpg,mask/00073.jpg
dataset/GTSDB/images/00073.jpg,mask/00073.jpg
dataset/GTSDB/images/00073.jpg,mask/00073.jpg
dataset/GTSDB/images/00073.jpg,mask/00073.jpg
dataset/GTSDB/images/00073.jpg,mask/00073.jpg
dataset/GTSDB/images/00074.jpg,mask/00074.jpg
dataset/GTSDB/images/00074.jpg,mask/00074.jpg
dataset/GTSDB/images/00074.jpg,mask/00074.jpg
dataset/GTSDB/images/00075.jpg,mask/00075.jpg
dataset/GTSDB/images/00075.jpg,mask/00075.jpg
dataset/GTSDB/images/00076.jpg,mask/00076.jpg
dataset/GTSDB/images/00076.jpg,mask/00076.jpg
dataset/GTSDB/images/00077.jpg,mask/00077.jpg
dataset/GTSDB/images/00077.jpg,mask/00077.jpg
dataset/GTSDB/images/00078.jpg,mask/00078.jpg
dataset/GTSDB/images/00078.jpg,mask/00078.jpg
dataset/GTSDB/images/00079.jpg,mask/00079.jpg
dataset/GTSDB/images/00080.jpg,mask/00080.jpg
dataset/GTSDB/images/00081.jpg,mask/00081.jpg
dataset/GTSDB/images/00081.jpg,mask/00081.jpg
dataset/GTSDB/images/00082.jpg,mask/00082.jpg
dataset/GTSDB/images/00083.jpg,mask/00083.jpg
dataset/GTSDB/images/00083.jpg,mask/00083.jpg
dataset/GTSDB/images/00084.jpg,mask/00084.jpg
dataset/GTSDB/images/00085.jpg,mask/00085.jpg
dataset/GTSDB/images/00086.jpg,mask/00086.jpg
dataset/GTSDB/images/00087.jpg,mask/00087.jpg
dataset/GTSDB/images/00087.jpg,mask/00087.jpg
dataset/GTSDB/images/00088.jpg,mask/00088.jpg
dataset/GTSDB/images/00088.jpg,mask/00088.jpg
dataset/GTSDB/images/00088.jpg,mask/00088.jpg
dataset/GTSDB/images/00088.jpg,mask/00088.jpg
dataset/GTSDB/images/00089.jpg,mask/00089.jpg
dataset/GTSDB/images/00089.jpg,mask/00089.jpg
dataset/GTSDB/images/00090.jpg,mask/00090.jpg
dataset/GTSDB/images/00091.jpg,mask/00091.jpg
dataset/GTSDB/images/00091.jpg,mask/00091.jpg
dataset/GTSDB/images/00091.jpg,mask/00091.jpg
dataset/GTSDB/images/00092.jpg,mask/00092.jpg
dataset/GTSDB/images/00092.jpg,mask/00092.jpg
dataset/GTSDB/images/00092.jpg,mask/00092.jpg
dataset/GTSDB/images/00093.jpg,mask/00093.jpg
dataset/GTSDB/images/00093.jpg,mask/00093.jpg
dataset/GTSDB/images/00094.jpg,mask/00094.jpg
dataset/GTSDB/images/00094.jpg,mask/00094.jpg
dataset/GTSDB/images/00096.jpg,mask/00096.jpg
dataset/GTSDB/images/00096.jpg,mask/00096.jpg
dataset/GTSDB/images/00097.jpg,mask/00097.jpg
dataset/GTSDB/images/00097.jpg,mask/00097.jpg
dataset/GTSDB/images/00097.jpg,mask/00097.jpg
dataset/GTSDB/images/00098.jpg,mask/00098.jpg
dataset/GTSDB/images/00098.jpg,mask/00098.jpg
dataset/GTSDB/images/00099.jpg,mask/00099.jpg
dataset/GTSDB/images/00100.jpg,mask/00100.jpg
dataset/GTSDB/images/00100.jpg,mask/00100.jpg
dataset/GTSDB/images/00101.jpg,mask/00101.jpg
dataset/GTSDB/images/00102.jpg,mask/00102.jpg
dataset/GTSDB/images/00102.jpg,mask/00102.jpg
dataset/GTSDB/images/00103.jpg,mask/00103.jpg
dataset/GTSDB/images/00103.jpg,mask/00103.jpg
dataset/GTSDB/images/00104.jpg,mask/00104.jpg
dataset/GTSDB/images/00104.jpg,mask/00104.jpg
dataset/GTSDB/images/00106.jpg,mask/00106.jpg
dataset/GTSDB/images/00107.jpg,mask/00107.jpg
dataset/GTSDB/images/00107.jpg,mask/00107.jpg
dataset/GTSDB/images/00109.jpg,mask/00109.jpg
dataset/GTSDB/images/00110.jpg,mask/00110.jpg
dataset/GTSDB/images/00111.jpg,mask/00111.jpg
dataset/GTSDB/images/00111.jpg,mask/00111.jpg
dataset/GTSDB/images/00112.jpg,mask/00112.jpg
dataset/GTSDB/images/00112.jpg,mask/00112.jpg
dataset/GTSDB/images/00113.jpg,mask/00113.jpg
dataset/GTSDB/images/00114.jpg,mask/00114.jpg
dataset/GTSDB/images/00116.jpg,mask/00116.jpg
dataset/GTSDB/images/00116.jpg,mask/00116.jpg
dataset/GTSDB/images/00117.jpg,mask/00117.jpg
dataset/GTSDB/images/00117.jpg,mask/00117.jpg
dataset/GTSDB/images/00118.jpg,mask/00118.jpg
dataset/GTSDB/images/00119.jpg,mask/00119.jpg
dataset/GTSDB/images/00119.jpg,mask/00119.jpg
dataset/GTSDB/images/00120.jpg,mask/00120.jpg
dataset/GTSDB/images/00121.jpg,mask/00121.jpg
dataset/GTSDB/images/00122.jpg,mask/00122.jpg
dataset/GTSDB/images/00122.jpg,mask/00122.jpg
dataset/GTSDB/images/00124.jpg,mask/00124.jpg
dataset/GTSDB/images/00124.jpg,mask/00124.jpg
dataset/GTSDB/images/00125.jpg,mask/00125.jpg
dataset/GTSDB/images/00126.jpg,mask/00126.jpg
dataset/GTSDB/images/00126.jpg,mask/00126.jpg
dataset/GTSDB/images/00127.jpg,mask/00127.jpg
dataset/GTSDB/images/00127.jpg,mask/00127.jpg
dataset/GTSDB/images/00128.jpg,mask/00128.jpg
dataset/GTSDB/images/00129.jpg,mask/00129.jpg
dataset/GTSDB/images/00129.jpg,mask/00129.jpg
dataset/GTSDB/images/00130.jpg,mask/00130.jpg
dataset/GTSDB/images/00130.jpg,mask/00130.jpg
dataset/GTSDB/images/00130.jpg,mask/00130.jpg
dataset/GTSDB/images/00131.jpg,mask/00131.jpg
dataset/GTSDB/images/00131.jpg,mask/00131.jpg
dataset/GTSDB/images/00132.jpg,mask/00132.jpg
dataset/GTSDB/images/00133.jpg,mask/00133.jpg
dataset/GTSDB/images/00133.jpg,mask/00133.jpg
dataset/GTSDB/images/00133.jpg,mask/00133.jpg
dataset/GTSDB/images/00134.jpg,mask/00134.jpg
dataset/GTSDB/images/00135.jpg,mask/00135.jpg
dataset/GTSDB/images/00136.jpg,mask/00136.jpg
dataset/GTSDB/images/00137.jpg,mask/00137.jpg
dataset/GTSDB/images/00138.jpg,mask/00138.jpg
dataset/GTSDB/images/00138.jpg,mask/00138.jpg
dataset/GTSDB/images/00140.jpg,mask/00140.jpg
dataset/GTSDB/images/00141.jpg,mask/00141.jpg
dataset/GTSDB/images/00142.jpg,mask/00142.jpg
dataset/GTSDB/images/00143.jpg,mask/00143.jpg
dataset/GTSDB/images/00144.jpg,mask/00144.jpg
dataset/GTSDB/images/00147.jpg,mask/00147.jpg
dataset/GTSDB/images/00148.jpg,mask/00148.jpg
dataset/GTSDB/images/00149.jpg,mask/00149.jpg
dataset/GTSDB/images/00149.jpg,mask/00149.jpg
dataset/GTSDB/images/00149.jpg,mask/00149.jpg
dataset/GTSDB/images/00150.jpg,mask/00150.jpg
dataset/GTSDB/images/00151.jpg,mask/00151.jpg
dataset/GTSDB/images/00152.jpg,mask/00152.jpg
dataset/GTSDB/images/00153.jpg,mask/00153.jpg
dataset/GTSDB/images/00154.jpg,mask/00154.jpg
dataset/GTSDB/images/00155.jpg,mask/00155.jpg
dataset/GTSDB/images/00156.jpg,mask/00156.jpg
dataset/GTSDB/images/00157.jpg,mask/00157.jpg
dataset/GTSDB/images/00157.jpg,mask/00157.jpg
dataset/GTSDB/images/00157.jpg,mask/00157.jpg
dataset/GTSDB/images/00158.jpg,mask/00158.jpg
dataset/GTSDB/images/00159.jpg,mask/00159.jpg
dataset/GTSDB/images/00159.jpg,mask/00159.jpg
dataset/GTSDB/images/00159.jpg,mask/00159.jpg
dataset/GTSDB/images/00159.jpg,mask/00159.jpg
dataset/GTSDB/images/00160.jpg,mask/00160.jpg
dataset/GTSDB/images/00161.jpg,mask/00161.jpg
dataset/GTSDB/images/00162.jpg,mask/00162.jpg
dataset/GTSDB/images/00162.jpg,mask/00162.jpg
dataset/GTSDB/images/00162.jpg,mask/00162.jpg
dataset/GTSDB/images/00163.jpg,mask/00163.jpg
dataset/GTSDB/images/00164.jpg,mask/00164.jpg
dataset/GTSDB/images/00165.jpg,mask/00165.jpg
dataset/GTSDB/images/00165.jpg,mask/00165.jpg
dataset/GTSDB/images/00166.jpg,mask/00166.jpg
dataset/GTSDB/images/00167.jpg,mask/00167.jpg
dataset/GTSDB/images/00167.jpg,mask/00167.jpg
dataset/GTSDB/images/00168.jpg,mask/00168.jpg
dataset/GTSDB/images/00169.jpg,mask/00169.jpg
dataset/GTSDB/images/00170.jpg,mask/00170.jpg
dataset/GTSDB/images/00171.jpg,mask/00171.jpg
dataset/GTSDB/images/00171.jpg,mask/00171.jpg
dataset/GTSDB/images/00172.jpg,mask/00172.jpg
dataset/GTSDB/images/00172.jpg,mask/00172.jpg
dataset/GTSDB/images/00173.jpg,mask/00173.jpg
dataset/GTSDB/images/00174.jpg,mask/00174.jpg
dataset/GTSDB/images/00174.jpg,mask/00174.jpg
dataset/GTSDB/images/00174.jpg,mask/00174.jpg
dataset/GTSDB/images/00175.jpg,mask/00175.jpg
dataset/GTSDB/images/00176.jpg,mask/00176.jpg
dataset/GTSDB/images/00177.jpg,mask/00177.jpg
dataset/GTSDB/images/00177.jpg,mask/00177.jpg
dataset/GTSDB/images/00177.jpg,mask/00177.jpg
dataset/GTSDB/images/00177.jpg,mask/00177.jpg
dataset/GTSDB/images/00178.jpg,mask/00178.jpg
dataset/GTSDB/images/00179.jpg,mask/00179.jpg
dataset/GTSDB/images/00180.jpg,mask/00180.jpg
dataset/GTSDB/images/00181.jpg,mask/00181.jpg
dataset/GTSDB/images/00182.jpg,mask/00182.jpg
dataset/GTSDB/images/00182.jpg,mask/00182.jpg
dataset/GTSDB/images/00183.jpg,mask/00183.jpg
dataset/GTSDB/images/00184.jpg,mask/00184.jpg
dataset/GTSDB/images/00185.jpg,mask/00185.jpg
dataset/GTSDB/images/00186.jpg,mask/00186.jpg
dataset/GTSDB/images/00186.jpg,mask/00186.jpg
dataset/GTSDB/images/00186.jpg,mask/00186.jpg
dataset/GTSDB/images/00187.jpg,mask/00187.jpg
dataset/GTSDB/images/00187.jpg,mask/00187.jpg
dataset/GTSDB/images/00188.jpg,mask/00188.jpg
dataset/GTSDB/images/00189.jpg,mask/00189.jpg
dataset/GTSDB/images/00190.jpg,mask/00190.jpg
dataset/GTSDB/images/00191.jpg,mask/00191.jpg
dataset/GTSDB/images/00192.jpg,mask/00192.jpg
dataset/GTSDB/images/00192.jpg,mask/00192.jpg
dataset/GTSDB/images/00192.jpg,mask/00192.jpg
dataset/GTSDB/images/00193.jpg,mask/00193.jpg
dataset/GTSDB/images/00195.jpg,mask/00195.jpg
dataset/GTSDB/images/00195.jpg,mask/00195.jpg
dataset/GTSDB/images/00196.jpg,mask/00196.jpg
dataset/GTSDB/images/00196.jpg,mask/00196.jpg
dataset/GTSDB/images/00196.jpg,mask/00196.jpg
dataset/GTSDB/images/00197.jpg,mask/00197.jpg
dataset/GTSDB/images/00198.jpg,mask/00198.jpg
dataset/GTSDB/images/00198.jpg,mask/00198.jpg
dataset/GTSDB/images/00199.jpg,mask/00199.jpg
dataset/GTSDB/images/00200.jpg,mask/00200.jpg
dataset/GTSDB/images/00200.jpg,mask/00200.jpg
dataset/GTSDB/images/00200.jpg,mask/00200.jpg
dataset/GTSDB/images/00200.jpg,mask/00200.jpg
dataset/GTSDB/images/00201.jpg,mask/00201.jpg
dataset/GTSDB/images/00202.jpg,mask/00202.jpg
dataset/GTSDB/images/00202.jpg,mask/00202.jpg
dataset/GTSDB/images/00203.jpg,mask/00203.jpg
dataset/GTSDB/images/00205.jpg,mask/00205.jpg
dataset/GTSDB/images/00206.jpg,mask/00206.jpg
dataset/GTSDB/images/00206.jpg,mask/00206.jpg
dataset/GTSDB/images/00206.jpg,mask/00206.jpg
dataset/GTSDB/images/00206.jpg,mask/00206.jpg
dataset/GTSDB/images/00206.jpg,mask/00206.jpg
dataset/GTSDB/images/00207.jpg,mask/00207.jpg
dataset/GTSDB/images/00208.jpg,mask/00208.jpg
dataset/GTSDB/images/00209.jpg,mask/00209.jpg
dataset/GTSDB/images/00209.jpg,mask/00209.jpg
dataset/GTSDB/images/00210.jpg,mask/00210.jpg
dataset/GTSDB/images/00210.jpg,mask/00210.jpg
dataset/GTSDB/images/00211.jpg,mask/00211.jpg
dataset/GTSDB/images/00212.jpg,mask/00212.jpg
dataset/GTSDB/images/00212.jpg,mask/00212.jpg
dataset/GTSDB/images/00212.jpg,mask/00212.jpg
dataset/GTSDB/images/00214.jpg,mask/00214.jpg
dataset/GTSDB/images/00214.jpg,mask/00214.jpg
dataset/GTSDB/images/00215.jpg,mask/00215.jpg
dataset/GTSDB/images/00216.jpg,mask/00216.jpg
dataset/GTSDB/images/00216.jpg,mask/00216.jpg
dataset/GTSDB/images/00217.jpg,mask/00217.jpg
dataset/GTSDB/images/00218.jpg,mask/00218.jpg
dataset/GTSDB/images/00219.jpg,mask/00219.jpg
dataset/GTSDB/images/00219.jpg,mask/00219.jpg
dataset/GTSDB/images/00220.jpg,mask/00220.jpg
dataset/GTSDB/images/00221.jpg,mask/00221.jpg
dataset/GTSDB/images/00222.jpg,mask/00222.jpg
dataset/GTSDB/images/00223.jpg,mask/00223.jpg
dataset/GTSDB/images/00224.jpg,mask/00224.jpg
dataset/GTSDB/images/00224.jpg,mask/00224.jpg
dataset/GTSDB/images/00224.jpg,mask/00224.jpg
dataset/GTSDB/images/00225.jpg,mask/00225.jpg
dataset/GTSDB/images/00226.jpg,mask/00226.jpg
dataset/GTSDB/images/00227.jpg,mask/00227.jpg
dataset/GTSDB/images/00228.jpg,mask/00228.jpg
dataset/GTSDB/images/00229.jpg,mask/00229.jpg
dataset/GTSDB/images/00229.jpg,mask/00229.jpg
dataset/GTSDB/images/00229.jpg,mask/00229.jpg
dataset/GTSDB/images/00230.jpg,mask/00230.jpg
dataset/GTSDB/images/00230.jpg,mask/00230.jpg
dataset/GTSDB/images/00231.jpg,mask/00231.jpg
dataset/GTSDB/images/00233.jpg,mask/00233.jpg
dataset/GTSDB/images/00234.jpg,mask/00234.jpg
dataset/GTSDB/images/00236.jpg,mask/00236.jpg
dataset/GTSDB/images/00237.jpg,mask/00237.jpg
dataset/GTSDB/images/00237.jpg,mask/00237.jpg
dataset/GTSDB/images/00238.jpg,mask/00238.jpg
dataset/GTSDB/images/00238.jpg,mask/00238.jpg
dataset/GTSDB/images/00239.jpg,mask/00239.jpg
dataset/GTSDB/images/00239.jpg,mask/00239.jpg
dataset/GTSDB/images/00239.jpg,mask/00239.jpg
dataset/GTSDB/images/00240.jpg,mask/00240.jpg
dataset/GTSDB/images/00241.jpg,mask/00241.jpg
dataset/GTSDB/images/00242.jpg,mask/00242.jpg
dataset/GTSDB/images/00242.jpg,mask/00242.jpg
dataset/GTSDB/images/00243.jpg,mask/00243.jpg
dataset/GTSDB/images/00244.jpg,mask/00244.jpg
dataset/GTSDB/images/00244.jpg,mask/00244.jpg
dataset/GTSDB/images/00245.jpg,mask/00245.jpg
dataset/GTSDB/images/00245.jpg,mask/00245.jpg
dataset/GTSDB/images/00246.jpg,mask/00246.jpg
dataset/GTSDB/images/00246.jpg,mask/00246.jpg
dataset/GTSDB/images/00247.jpg,mask/00247.jpg
dataset/GTSDB/images/00247.jpg,mask/00247.jpg
dataset/GTSDB/images/00248.jpg,mask/00248.jpg
dataset/GTSDB/images/00248.jpg,mask/00248.jpg
dataset/GTSDB/images/00249.jpg,mask/00249.jpg
dataset/GTSDB/images/00250.jpg,mask/00250.jpg
dataset/GTSDB/images/00250.jpg,mask/00250.jpg
dataset/GTSDB/images/00251.jpg,mask/00251.jpg
dataset/GTSDB/images/00252.jpg,mask/00252.jpg
dataset/GTSDB/images/00252.jpg,mask/00252.jpg
dataset/GTSDB/images/00253.jpg,mask/00253.jpg
dataset/GTSDB/images/00254.jpg,mask/00254.jpg
dataset/GTSDB/images/00254.jpg,mask/00254.jpg
dataset/GTSDB/images/00255.jpg,mask/00255.jpg
dataset/GTSDB/images/00256.jpg,mask/00256.jpg
dataset/GTSDB/images/00257.jpg,mask/00257.jpg
dataset/GTSDB/images/00257.jpg,mask/00257.jpg
dataset/GTSDB/images/00258.jpg,mask/00258.jpg
dataset/GTSDB/images/00258.jpg,mask/00258.jpg
dataset/GTSDB/images/00259.jpg,mask/00259.jpg
dataset/GTSDB/images/00260.jpg,mask/00260.jpg
dataset/GTSDB/images/00261.jpg,mask/00261.jpg
dataset/GTSDB/images/00262.jpg,mask/00262.jpg
dataset/GTSDB/images/00262.jpg,mask/00262.jpg
dataset/GTSDB/images/00263.jpg,mask/00263.jpg
dataset/GTSDB/images/00264.jpg,mask/00264.jpg
dataset/GTSDB/images/00264.jpg,mask/00264.jpg
dataset/GTSDB/images/00264.jpg,mask/00264.jpg
dataset/GTSDB/images/00265.jpg,mask/00265.jpg
dataset/GTSDB/images/00265.jpg,mask/00265.jpg
dataset/GTSDB/images/00265.jpg,mask/00265.jpg
dataset/GTSDB/images/00266.jpg,mask/00266.jpg
dataset/GTSDB/images/00267.jpg,mask/00267.jpg
dataset/GTSDB/images/00267.jpg,mask/00267.jpg
dataset/GTSDB/images/00268.jpg,mask/00268.jpg
dataset/GTSDB/images/00269.jpg,mask/00269.jpg
dataset/GTSDB/images/00270.jpg,mask/00270.jpg
dataset/GTSDB/images/00270.jpg,mask/00270.jpg
dataset/GTSDB/images/00270.jpg,mask/00270.jpg
dataset/GTSDB/images/00271.jpg,mask/00271.jpg
dataset/GTSDB/images/00271.jpg,mask/00271.jpg
dataset/GTSDB/images/00272.jpg,mask/00272.jpg
dataset/GTSDB/images/00272.jpg,mask/00272.jpg
dataset/GTSDB/images/00273.jpg,mask/00273.jpg
dataset/GTSDB/images/00274.jpg,mask/00274.jpg
dataset/GTSDB/images/00276.jpg,mask/00276.jpg
dataset/GTSDB/images/00276.jpg,mask/00276.jpg
dataset/GTSDB/images/00277.jpg,mask/00277.jpg
dataset/GTSDB/images/00278.jpg,mask/00278.jpg
dataset/GTSDB/images/00278.jpg,mask/00278.jpg
dataset/GTSDB/images/00279.jpg,mask/00279.jpg
dataset/GTSDB/images/00280.jpg,mask/00280.jpg
dataset/GTSDB/images/00280.jpg,mask/00280.jpg
dataset/GTSDB/images/00281.jpg,mask/00281.jpg
dataset/GTSDB/images/00281.jpg,mask/00281.jpg
dataset/GTSDB/images/00282.jpg,mask/00282.jpg
dataset/GTSDB/images/00283.jpg,mask/00283.jpg
dataset/GTSDB/images/00284.jpg,mask/00284.jpg
dataset/GTSDB/images/00284.jpg,mask/00284.jpg
dataset/GTSDB/images/00285.jpg,mask/00285.jpg
dataset/GTSDB/images/00286.jpg,mask/00286.jpg
dataset/GTSDB/images/00287.jpg,mask/00287.jpg
dataset/GTSDB/images/00288.jpg,mask/00288.jpg
dataset/GTSDB/images/00288.jpg,mask/00288.jpg
dataset/GTSDB/images/00289.jpg,mask/00289.jpg
dataset/GTSDB/images/00289.jpg,mask/00289.jpg
dataset/GTSDB/images/00290.jpg,mask/00290.jpg
dataset/GTSDB/images/00291.jpg,mask/00291.jpg
dataset/GTSDB/images/00292.jpg,mask/00292.jpg
dataset/GTSDB/images/00292.jpg,mask/00292.jpg
dataset/GTSDB/images/00293.jpg,mask/00293.jpg
dataset/GTSDB/images/00293.jpg,mask/00293.jpg
dataset/GTSDB/images/00294.jpg,mask/00294.jpg
dataset/GTSDB/images/00294.jpg,mask/00294.jpg
dataset/GTSDB/images/00295.jpg,mask/00295.jpg
dataset/GTSDB/images/00295.jpg,mask/00295.jpg
dataset/GTSDB/images/00296.jpg,mask/00296.jpg
dataset/GTSDB/images/00296.jpg,mask/00296.jpg
dataset/GTSDB/images/00297.jpg,mask/00297.jpg
dataset/GTSDB/images/00297.jpg,mask/00297.jpg
dataset/GTSDB/images/00298.jpg,mask/00298.jpg
dataset/GTSDB/images/00298.jpg,mask/00298.jpg
dataset/GTSDB/images/00298.jpg,mask/00298.jpg
dataset/GTSDB/images/00299.jpg,mask/00299.jpg
dataset/GTSDB/images/00300.jpg,mask/00300.jpg
dataset/GTSDB/images/00300.jpg,mask/00300.jpg
dataset/GTSDB/images/00301.jpg,mask/00301.jpg
dataset/GTSDB/images/00301.jpg,mask/00301.jpg
dataset/GTSDB/images/00302.jpg,mask/00302.jpg
dataset/GTSDB/images/00303.jpg,mask/00303.jpg
dataset/GTSDB/images/00304.jpg,mask/00304.jpg
dataset/GTSDB/images/00305.jpg,mask/00305.jpg
dataset/GTSDB/images/00305.jpg,mask/00305.jpg
dataset/GTSDB/images/00306.jpg,mask/00306.jpg
dataset/GTSDB/images/00306.jpg,mask/00306.jpg
dataset/GTSDB/images/00309.jpg,mask/00309.jpg
dataset/GTSDB/images/00309.jpg,mask/00309.jpg
dataset/GTSDB/images/00310.jpg,mask/00310.jpg
dataset/GTSDB/images/00310.jpg,mask/00310.jpg
dataset/GTSDB/images/00311.jpg,mask/00311.jpg
dataset/GTSDB/images/00311.jpg,mask/00311.jpg
dataset/GTSDB/images/00312.jpg,mask/00312.jpg
dataset/GTSDB/images/00312.jpg,mask/00312.jpg
dataset/GTSDB/images/00312.jpg,mask/00312.jpg
dataset/GTSDB/images/00313.jpg,mask/00313.jpg
dataset/GTSDB/images/00314.jpg,mask/00314.jpg
dataset/GTSDB/images/00314.jpg,mask/00314.jpg
dataset/GTSDB/images/00315.jpg,mask/00315.jpg
dataset/GTSDB/images/00315.jpg,mask/00315.jpg
dataset/GTSDB/images/00316.jpg,mask/00316.jpg
dataset/GTSDB/images/00316.jpg,mask/00316.jpg
dataset/GTSDB/images/00316.jpg,mask/00316.jpg
dataset/GTSDB/images/00316.jpg,mask/00316.jpg
dataset/GTSDB/images/00317.jpg,mask/00317.jpg
dataset/GTSDB/images/00318.jpg,mask/00318.jpg
dataset/GTSDB/images/00318.jpg,mask/00318.jpg
dataset/GTSDB/images/00319.jpg,mask/00319.jpg
dataset/GTSDB/images/00319.jpg,mask/00319.jpg
dataset/GTSDB/images/00320.jpg,mask/00320.jpg
dataset/GTSDB/images/00320.jpg,mask/00320.jpg
dataset/GTSDB/images/00322.jpg,mask/00322.jpg
dataset/GTSDB/images/00322.jpg,mask/00322.jpg
dataset/GTSDB/images/00323.jpg,mask/00323.jpg
dataset/GTSDB/images/00323.jpg,mask/00323.jpg
dataset/GTSDB/images/00330.jpg,mask/00330.jpg
dataset/GTSDB/images/00333.jpg,mask/00333.jpg
dataset/GTSDB/images/00333.jpg,mask/00333.jpg
dataset/GTSDB/images/00334.jpg,mask/00334.jpg
dataset/GTSDB/images/00334.jpg,mask/00334.jpg
dataset/GTSDB/images/00337.jpg,mask/00337.jpg
dataset/GTSDB/images/00338.jpg,mask/00338.jpg
dataset/GTSDB/images/00338.jpg,mask/00338.jpg
dataset/GTSDB/images/00338.jpg,mask/00338.jpg
dataset/GTSDB/images/00338.jpg,mask/00338.jpg
dataset/GTSDB/images/00339.jpg,mask/00339.jpg
dataset/GTSDB/images/00339.jpg,mask/00339.jpg
dataset/GTSDB/images/00340.jpg,mask/00340.jpg
dataset/GTSDB/images/00340.jpg,mask/00340.jpg
dataset/GTSDB/images/00340.jpg,mask/00340.jpg
dataset/GTSDB/images/00341.jpg,mask/00341.jpg
dataset/GTSDB/images/00343.jpg,mask/00343.jpg
dataset/GTSDB/images/00343.jpg,mask/00343.jpg
dataset/GTSDB/images/00344.jpg,mask/00344.jpg
dataset/GTSDB/images/00346.jpg,mask/00346.jpg
dataset/GTSDB/images/00346.jpg,mask/00346.jpg
dataset/GTSDB/images/00347.jpg,mask/00347.jpg
dataset/GTSDB/images/00348.jpg,mask/00348.jpg
dataset/GTSDB/images/00349.jpg,mask/00349.jpg
dataset/GTSDB/images/00349.jpg,mask/00349.jpg
dataset/GTSDB/images/00350.jpg,mask/00350.jpg
dataset/GTSDB/images/00350.jpg,mask/00350.jpg
dataset/GTSDB/images/00351.jpg,mask/00351.jpg
dataset/GTSDB/images/00352.jpg,mask/00352.jpg
dataset/GTSDB/images/00352.jpg,mask/00352.jpg
dataset/GTSDB/images/00353.jpg,mask/00353.jpg
dataset/GTSDB/images/00353.jpg,mask/00353.jpg
dataset/GTSDB/images/00355.jpg,mask/00355.jpg
dataset/GTSDB/images/00357.jpg,mask/00357.jpg
dataset/GTSDB/images/00357.jpg,mask/00357.jpg
dataset/GTSDB/images/00358.jpg,mask/00358.jpg
dataset/GTSDB/images/00359.jpg,mask/00359.jpg
dataset/GTSDB/images/00359.jpg,mask/00359.jpg
dataset/GTSDB/images/00360.jpg,mask/00360.jpg
dataset/GTSDB/images/00360.jpg,mask/00360.jpg
dataset/GTSDB/images/00362.jpg,mask/00362.jpg
dataset/GTSDB/images/00363.jpg,mask/00363.jpg
dataset/GTSDB/images/00363.jpg,mask/00363.jpg
dataset/GTSDB/images/00366.jpg,mask/00366.jpg
dataset/GTSDB/images/00366.jpg,mask/00366.jpg
dataset/GTSDB/images/00366.jpg,mask/00366.jpg
dataset/GTSDB/images/00366.jpg,mask/00366.jpg
dataset/GTSDB/images/00367.jpg,mask/00367.jpg
dataset/GTSDB/images/00367.jpg,mask/00367.jpg
dataset/GTSDB/images/00367.jpg,mask/00367.jpg
dataset/GTSDB/images/00367.jpg,mask/00367.jpg
dataset/GTSDB/images/00368.jpg,mask/00368.jpg
dataset/GTSDB/images/00368.jpg,mask/00368.jpg
dataset/GTSDB/images/00369.jpg,mask/00369.jpg
dataset/GTSDB/images/00369.jpg,mask/00369.jpg
dataset/GTSDB/images/00369.jpg,mask/00369.jpg
dataset/GTSDB/images/00369.jpg,mask/00369.jpg
dataset/GTSDB/images/00370.jpg,mask/00370.jpg
dataset/GTSDB/images/00370.jpg,mask/00370.jpg
dataset/GTSDB/images/00370.jpg,mask/00370.jpg
dataset/GTSDB/images/00370.jpg,mask/00370.jpg
dataset/GTSDB/images/00371.jpg,mask/00371.jpg
dataset/GTSDB/images/00372.jpg,mask/00372.jpg
dataset/GTSDB/images/00373.jpg,mask/00373.jpg
dataset/GTSDB/images/00373.jpg,mask/00373.jpg
dataset/GTSDB/images/00374.jpg,mask/00374.jpg
dataset/GTSDB/images/00374.jpg,mask/00374.jpg
dataset/GTSDB/images/00375.jpg,mask/00375.jpg
dataset/GTSDB/images/00376.jpg,mask/00376.jpg
dataset/GTSDB/images/00376.jpg,mask/00376.jpg
dataset/GTSDB/images/00377.jpg,mask/00377.jpg
dataset/GTSDB/images/00377.jpg,mask/00377.jpg
dataset/GTSDB/images/00377.jpg,mask/00377.jpg
dataset/GTSDB/images/00377.jpg,mask/00377.jpg
dataset/GTSDB/images/00378.jpg,mask/00378.jpg
dataset/GTSDB/images/00378.jpg,mask/00378.jpg
dataset/GTSDB/images/00379.jpg,mask/00379.jpg
dataset/GTSDB/images/00379.jpg,mask/00379.jpg
dataset/GTSDB/images/00379.jpg,mask/00379.jpg
dataset/GTSDB/images/00379.jpg,mask/00379.jpg
dataset/GTSDB/images/00380.jpg,mask/00380.jpg
dataset/GTSDB/images/00380.jpg,mask/00380.jpg
dataset/GTSDB/images/00380.jpg,mask/00380.jpg
dataset/GTSDB/images/00380.jpg,mask/00380.jpg
dataset/GTSDB/images/00382.jpg,mask/00382.jpg
dataset/GTSDB/images/00382.jpg,mask/00382.jpg
dataset/GTSDB/images/00382.jpg,mask/00382.jpg
dataset/GTSDB/images/00382.jpg,mask/00382.jpg
dataset/GTSDB/images/00383.jpg,mask/00383.jpg
dataset/GTSDB/images/00383.jpg,mask/00383.jpg
dataset/GTSDB/images/00384.jpg,mask/00384.jpg
dataset/GTSDB/images/00384.jpg,mask/00384.jpg
dataset/GTSDB/images/00385.jpg,mask/00385.jpg
dataset/GTSDB/images/00385.jpg,mask/00385.jpg
dataset/GTSDB/images/00386.jpg,mask/00386.jpg
dataset/GTSDB/images/00386.jpg,mask/00386.jpg
dataset/GTSDB/images/00387.jpg,mask/00387.jpg
dataset/GTSDB/images/00387.jpg,mask/00387.jpg
dataset/GTSDB/images/00388.jpg,mask/00388.jpg
dataset/GTSDB/images/00390.jpg,mask/00390.jpg
dataset/GTSDB/images/00390.jpg,mask/00390.jpg
dataset/GTSDB/images/00391.jpg,mask/00391.jpg
dataset/GTSDB/images/00391.jpg,mask/00391.jpg
dataset/GTSDB/images/00392.jpg,mask/00392.jpg
dataset/GTSDB/images/00393.jpg,mask/00393.jpg
dataset/GTSDB/images/00395.jpg,mask/00395.jpg
dataset/GTSDB/images/00395.jpg,mask/00395.jpg
dataset/GTSDB/images/00396.jpg,mask/00396.jpg
dataset/GTSDB/images/00396.jpg,mask/00396.jpg
dataset/GTSDB/images/00397.jpg,mask/00397.jpg
dataset/GTSDB/images/00397.jpg,mask/00397.jpg
dataset/GTSDB/images/00398.jpg,mask/00398.jpg
dataset/GTSDB/images/00398.jpg,mask/00398.jpg
dataset/GTSDB/images/00398.jpg,mask/00398.jpg
dataset/GTSDB/images/00400.jpg,mask/00400.jpg
dataset/GTSDB/images/00401.jpg,mask/00401.jpg
dataset/GTSDB/images/00401.jpg,mask/00401.jpg
dataset/GTSDB/images/00402.jpg,mask/00402.jpg
dataset/GTSDB/images/00403.jpg,mask/00403.jpg
dataset/GTSDB/images/00403.jpg,mask/00403.jpg
dataset/GTSDB/images/00403.jpg,mask/00403.jpg
dataset/GTSDB/images/00403.jpg,mask/00403.jpg
dataset/GTSDB/images/00404.jpg,mask/00404.jpg
dataset/GTSDB/images/00404.jpg,mask/00404.jpg
dataset/GTSDB/images/00405.jpg,mask/00405.jpg
dataset/GTSDB/images/00405.jpg,mask/00405.jpg
dataset/GTSDB/images/00405.jpg,mask/00405.jpg
dataset/GTSDB/images/00406.jpg,mask/00406.jpg
dataset/GTSDB/images/00406.jpg,mask/00406.jpg
dataset/GTSDB/images/00406.jpg,mask/00406.jpg
dataset/GTSDB/images/00406.jpg,mask/00406.jpg
dataset/GTSDB/images/00408.jpg,mask/00408.jpg
dataset/GTSDB/images/00408.jpg,mask/00408.jpg
dataset/GTSDB/images/00410.jpg,mask/00410.jpg
dataset/GTSDB/images/00411.jpg,mask/00411.jpg
dataset/GTSDB/images/00411.jpg,mask/00411.jpg
dataset/GTSDB/images/00411.jpg,mask/00411.jpg
dataset/GTSDB/images/00412.jpg,mask/00412.jpg
dataset/GTSDB/images/00413.jpg,mask/00413.jpg
dataset/GTSDB/images/00414.jpg,mask/00414.jpg
dataset/GTSDB/images/00415.jpg,mask/00415.jpg
dataset/GTSDB/images/00416.jpg,mask/00416.jpg
dataset/GTSDB/images/00417.jpg,mask/00417.jpg
dataset/GTSDB/images/00418.jpg,mask/00418.jpg
dataset/GTSDB/images/00418.jpg,mask/00418.jpg
dataset/GTSDB/images/00419.jpg,mask/00419.jpg
dataset/GTSDB/images/00420.jpg,mask/00420.jpg
dataset/GTSDB/images/00420.jpg,mask/00420.jpg
dataset/GTSDB/images/00421.jpg,mask/00421.jpg
dataset/GTSDB/images/00422.jpg,mask/00422.jpg
dataset/GTSDB/images/00423.jpg,mask/00423.jpg
dataset/GTSDB/images/00423.jpg,mask/00423.jpg
dataset/GTSDB/images/00425.jpg,mask/00425.jpg
dataset/GTSDB/images/00425.jpg,mask/00425.jpg
dataset/GTSDB/images/00425.jpg,mask/00425.jpg
dataset/GTSDB/images/00425.jpg,mask/00425.jpg
dataset/GTSDB/images/00426.jpg,mask/00426.jpg
dataset/GTSDB/images/00427.jpg,mask/00427.jpg
dataset/GTSDB/images/00428.jpg,mask/00428.jpg
dataset/GTSDB/images/00428.jpg,mask/00428.jpg
dataset/GTSDB/images/00430.jpg,mask/00430.jpg
dataset/GTSDB/images/00431.jpg,mask/00431.jpg
dataset/GTSDB/images/00431.jpg,mask/00431.jpg
dataset/GTSDB/images/00432.jpg,mask/00432.jpg
dataset/GTSDB/images/00432.jpg,mask/00432.jpg
dataset/GTSDB/images/00433.jpg,mask/00433.jpg
dataset/GTSDB/images/00434.jpg,mask/00434.jpg
dataset/GTSDB/images/00435.jpg,mask/00435.jpg
dataset/GTSDB/images/00436.jpg,mask/00436.jpg
dataset/GTSDB/images/00438.jpg,mask/00438.jpg
dataset/GTSDB/images/00438.jpg,mask/00438.jpg
dataset/GTSDB/images/00439.jpg,mask/00439.jpg
dataset/GTSDB/images/00440.jpg,mask/00440.jpg
dataset/GTSDB/images/00441.jpg,mask/00441.jpg
dataset/GTSDB/images/00443.jpg,mask/00443.jpg
dataset/GTSDB/images/00443.jpg,mask/00443.jpg
dataset/GTSDB/images/00443.jpg,mask/00443.jpg
dataset/GTSDB/images/00443.jpg,mask/00443.jpg
dataset/GTSDB/images/00444.jpg,mask/00444.jpg
dataset/GTSDB/images/00444.jpg,mask/00444.jpg
dataset/GTSDB/images/00444.jpg,mask/00444.jpg
dataset/GTSDB/images/00444.jpg,mask/00444.jpg
dataset/GTSDB/images/00445.jpg,mask/00445.jpg
dataset/GTSDB/images/00445.jpg,mask/00445.jpg
dataset/GTSDB/images/00446.jpg,mask/00446.jpg
dataset/GTSDB/images/00446.jpg,mask/00446.jpg
dataset/GTSDB/images/00446.jpg,mask/00446.jpg
dataset/GTSDB/images/00447.jpg,mask/00447.jpg
dataset/GTSDB/images/00448.jpg,mask/00448.jpg
dataset/GTSDB/images/00449.jpg,mask/00449.jpg
dataset/GTSDB/images/00449.jpg,mask/00449.jpg
dataset/GTSDB/images/00450.jpg,mask/00450.jpg
dataset/GTSDB/images/00451.jpg,mask/00451.jpg
dataset/GTSDB/images/00453.jpg,mask/00453.jpg
dataset/GTSDB/images/00453.jpg,mask/00453.jpg
dataset/GTSDB/images/00453.jpg,mask/00453.jpg
dataset/GTSDB/images/00455.jpg,mask/00455.jpg
dataset/GTSDB/images/00456.jpg,mask/00456.jpg
dataset/GTSDB/images/00457.jpg,mask/00457.jpg
dataset/GTSDB/images/00457.jpg,mask/00457.jpg
dataset/GTSDB/images/00458.jpg,mask/00458.jpg
dataset/GTSDB/images/00459.jpg,mask/00459.jpg
dataset/GTSDB/images/00459.jpg,mask/00459.jpg
dataset/GTSDB/images/00460.jpg,mask/00460.jpg
dataset/GTSDB/images/00460.jpg,mask/00460.jpg
dataset/GTSDB/images/00461.jpg,mask/00461.jpg
dataset/GTSDB/images/00463.jpg,mask/00463.jpg
dataset/GTSDB/images/00465.jpg,mask/00465.jpg
dataset/GTSDB/images/00466.jpg,mask/00466.jpg
dataset/GTSDB/images/00466.jpg,mask/00466.jpg
dataset/GTSDB/images/00466.jpg,mask/00466.jpg
dataset/GTSDB/images/00466.jpg,mask/00466.jpg
dataset/GTSDB/images/00467.jpg,mask/00467.jpg
dataset/GTSDB/images/00468.jpg,mask/00468.jpg
dataset/GTSDB/images/00470.jpg,mask/00470.jpg
dataset/GTSDB/images/00470.jpg,mask/00470.jpg
dataset/GTSDB/images/00470.jpg,mask/00470.jpg
dataset/GTSDB/images/00471.jpg,mask/00471.jpg
dataset/GTSDB/images/00472.jpg,mask/00472.jpg
dataset/GTSDB/images/00473.jpg,mask/00473.jpg
dataset/GTSDB/images/00473.jpg,mask/00473.jpg
dataset/GTSDB/images/00474.jpg,mask/00474.jpg
dataset/GTSDB/images/00474.jpg,mask/00474.jpg
dataset/GTSDB/images/00475.jpg,mask/00475.jpg
dataset/GTSDB/images/00476.jpg,mask/00476.jpg
dataset/GTSDB/images/00476.jpg,mask/00476.jpg
dataset/GTSDB/images/00477.jpg,mask/00477.jpg
dataset/GTSDB/images/00478.jpg,mask/00478.jpg
dataset/GTSDB/images/00478.jpg,mask/00478.jpg
dataset/GTSDB/images/00479.jpg,mask/00479.jpg
dataset/GTSDB/images/00479.jpg,mask/00479.jpg
dataset/GTSDB/images/00480.jpg,mask/00480.jpg
dataset/GTSDB/images/00481.jpg,mask/00481.jpg
dataset/GTSDB/images/00482.jpg,mask/00482.jpg
dataset/GTSDB/images/00482.jpg,mask/00482.jpg
dataset/GTSDB/images/00482.jpg,mask/00482.jpg
dataset/GTSDB/images/00482.jpg,mask/00482.jpg
dataset/GTSDB/images/00483.jpg,mask/00483.jpg
dataset/GTSDB/images/00483.jpg,mask/00483.jpg
dataset/GTSDB/images/00484.jpg,mask/00484.jpg
dataset/GTSDB/images/00484.jpg,mask/00484.jpg
dataset/GTSDB/images/00485.jpg,mask/00485.jpg
dataset/GTSDB/images/00486.jpg,mask/00486.jpg
dataset/GTSDB/images/00487.jpg,mask/00487.jpg
dataset/GTSDB/images/00488.jpg,mask/00488.jpg
dataset/GTSDB/images/00490.jpg,mask/00490.jpg
dataset/GTSDB/images/00490.jpg,mask/00490.jpg
dataset/GTSDB/images/00490.jpg,mask/00490.jpg
dataset/GTSDB/images/00491.jpg,mask/00491.jpg
dataset/GTSDB/images/00492.jpg,mask/00492.jpg
dataset/GTSDB/images/00493.jpg,mask/00493.jpg
dataset/GTSDB/images/00497.jpg,mask/00497.jpg
dataset/GTSDB/images/00498.jpg,mask/00498.jpg
dataset/GTSDB/images/00498.jpg,mask/00498.jpg
dataset/GTSDB/images/00499.jpg,mask/00499.jpg
dataset/GTSDB/images/00500.jpg,mask/00500.jpg
dataset/GTSDB/images/00501.jpg,mask/00501.jpg
dataset/GTSDB/images/00501.jpg,mask/00501.jpg
dataset/GTSDB/images/00501.jpg,mask/00501.jpg
dataset/GTSDB/images/00501.jpg,mask/00501.jpg
dataset/GTSDB/images/00502.jpg,mask/00502.jpg
dataset/GTSDB/images/00502.jpg,mask/00502.jpg
dataset/GTSDB/images/00502.jpg,mask/00502.jpg
dataset/GTSDB/images/00503.jpg,mask/00503.jpg
dataset/GTSDB/images/00504.jpg,mask/00504.jpg
dataset/GTSDB/images/00505.jpg,mask/00505.jpg
dataset/GTSDB/images/00507.jpg,mask/00507.jpg
dataset/GTSDB/images/00507.jpg,mask/00507.jpg
dataset/GTSDB/images/00508.jpg,mask/00508.jpg
dataset/GTSDB/images/00512.jpg,mask/00512.jpg
dataset/GTSDB/images/00512.jpg,mask/00512.jpg
dataset/GTSDB/images/00513.jpg,mask/00513.jpg
dataset/GTSDB/images/00514.jpg,mask/00514.jpg
dataset/GTSDB/images/00514.jpg,mask/00514.jpg
dataset/GTSDB/images/00515.jpg,mask/00515.jpg
dataset/GTSDB/images/00516.jpg,mask/00516.jpg
dataset/GTSDB/images/00517.jpg,mask/00517.jpg
dataset/GTSDB/images/00518.jpg,mask/00518.jpg
dataset/GTSDB/images/00519.jpg,mask/00519.jpg
dataset/GTSDB/images/00520.jpg,mask/00520.jpg
dataset/GTSDB/images/00521.jpg,mask/00521.jpg
dataset/GTSDB/images/00521.jpg,mask/00521.jpg
dataset/GTSDB/images/00523.jpg,mask/00523.jpg
dataset/GTSDB/images/00523.jpg,mask/00523.jpg
dataset/GTSDB/images/00524.jpg,mask/00524.jpg
dataset/GTSDB/images/00524.jpg,mask/00524.jpg
dataset/GTSDB/images/00527.jpg,mask/00527.jpg
dataset/GTSDB/images/00527.jpg,mask/00527.jpg
dataset/GTSDB/images/00528.jpg,mask/00528.jpg
dataset/GTSDB/images/00528.jpg,mask/00528.jpg
dataset/GTSDB/images/00530.jpg,mask/00530.jpg
dataset/GTSDB/images/00530.jpg,mask/00530.jpg
dataset/GTSDB/images/00531.jpg,mask/00531.jpg
dataset/GTSDB/images/00531.jpg,mask/00531.jpg
dataset/GTSDB/images/00536.jpg,mask/00536.jpg
dataset/GTSDB/images/00536.jpg,mask/00536.jpg
dataset/GTSDB/images/00536.jpg,mask/00536.jpg
dataset/GTSDB/images/00542.jpg,mask/00542.jpg
dataset/GTSDB/images/00544.jpg,mask/00544.jpg
dataset/GTSDB/images/00544.jpg,mask/00544.jpg
dataset/GTSDB/images/00544.jpg,mask/00544.jpg
dataset/GTSDB/images/00545.jpg,mask/00545.jpg
dataset/GTSDB/images/00548.jpg,mask/00548.jpg
dataset/GTSDB/images/00548.jpg,mask/00548.jpg
dataset/GTSDB/images/00551.jpg,mask/00551.jpg
dataset/GTSDB/images/00552.jpg,mask/00552.jpg
dataset/GTSDB/images/00552.jpg,mask/00552.jpg
dataset/GTSDB/images/00552.jpg,mask/00552.jpg
dataset/GTSDB/images/00552.jpg,mask/00552.jpg
dataset/GTSDB/images/00554.jpg,mask/00554.jpg
dataset/GTSDB/images/00556.jpg,mask/00556.jpg
dataset/GTSDB/images/00557.jpg,mask/00557.jpg
dataset/GTSDB/images/00557.jpg,mask/00557.jpg
dataset/GTSDB/images/00560.jpg,mask/00560.jpg
dataset/GTSDB/images/00564.jpg,mask/00564.jpg
dataset/GTSDB/images/00565.jpg,mask/00565.jpg
dataset/GTSDB/images/00566.jpg,mask/00566.jpg
dataset/GTSDB/images/00566.jpg,mask/00566.jpg
dataset/GTSDB/images/00566.jpg,mask/00566.jpg
dataset/GTSDB/images/00567.jpg,mask/00567.jpg
dataset/GTSDB/images/00570.jpg,mask/00570.jpg
dataset/GTSDB/images/00593.jpg,mask/00593.jpg
dataset/GTSDB/images/00599.jpg,mask/00599.jpg
dataset/GTSDB/images/00601.jpg,mask/00601.jpg
dataset/GTSDB/images/00602.jpg,mask/00602.jpg
dataset/GTSDB/images/00602.jpg,mask/00602.jpg
dataset/GTSDB/images/00603.jpg,mask/00603.jpg
dataset/GTSDB/images/00604.jpg,mask/00604.jpg
dataset/GTSDB/images/00605.jpg,mask/00605.jpg
dataset/GTSDB/images/00605.jpg,mask/00605.jpg
dataset/GTSDB/images/00606.jpg,mask/00606.jpg
dataset/GTSDB/images/00607.jpg,mask/00607.jpg
dataset/GTSDB/images/00608.jpg,mask/00608.jpg
dataset/GTSDB/images/00609.jpg,mask/00609.jpg
dataset/GTSDB/images/00609.jpg,mask/00609.jpg
dataset/GTSDB/images/00610.jpg,mask/00610.jpg
dataset/GTSDB/images/00610.jpg,mask/00610.jpg
dataset/GTSDB/images/00611.jpg,mask/00611.jpg
dataset/GTSDB/images/00611.jpg,mask/00611.jpg
dataset/GTSDB/images/00613.jpg,mask/00613.jpg
dataset/GTSDB/images/00613.jpg,mask/00613.jpg
dataset/GTSDB/images/00615.jpg,mask/00615.jpg
dataset/GTSDB/images/00615.jpg,mask/00615.jpg
dataset/GTSDB/images/00615.jpg,mask/00615.jpg
dataset/GTSDB/images/00615.jpg,mask/00615.jpg
dataset/GTSDB/images/00616.jpg,mask/00616.jpg
dataset/GTSDB/images/00616.jpg,mask/00616.jpg
dataset/GTSDB/images/00619.jpg,mask/00619.jpg
dataset/GTSDB/images/00620.jpg,mask/00620.jpg
dataset/GTSDB/images/00621.jpg,mask/00621.jpg
dataset/GTSDB/images/00622.jpg,mask/00622.jpg
dataset/GTSDB/images/00623.jpg,mask/00623.jpg
dataset/GTSDB/images/00624.jpg,mask/00624.jpg
dataset/GTSDB/images/00624.jpg,mask/00624.jpg
dataset/GTSDB/images/00625.jpg,mask/00625.jpg
dataset/GTSDB/images/00626.jpg,mask/00626.jpg
dataset/GTSDB/images/00626.jpg,mask/00626.jpg
dataset/GTSDB/images/00628.jpg,mask/00628.jpg
dataset/GTSDB/images/00630.jpg,mask/00630.jpg
dataset/GTSDB/images/00632.jpg,mask/00632.jpg
dataset/GTSDB/images/00633.jpg,mask/00633.jpg
dataset/GTSDB/images/00634.jpg,mask/00634.jpg
dataset/GTSDB/images/00635.jpg,mask/00635.jpg
dataset/GTSDB/images/00637.jpg,mask/00637.jpg
dataset/GTSDB/images/00638.jpg,mask/00638.jpg
dataset/GTSDB/images/00639.jpg,mask/00639.jpg
dataset/GTSDB/images/00640.jpg,mask/00640.jpg
dataset/GTSDB/images/00640.jpg,mask/00640.jpg
dataset/GTSDB/images/00641.jpg,mask/00641.jpg
dataset/GTSDB/images/00642.jpg,mask/00642.jpg
dataset/GTSDB/images/00642.jpg,mask/00642.jpg
dataset/GTSDB/images/00644.jpg,mask/00644.jpg
dataset/GTSDB/images/00645.jpg,mask/00645.jpg
dataset/GTSDB/images/00646.jpg,mask/00646.jpg
dataset/GTSDB/images/00646.jpg,mask/00646.jpg
dataset/GTSDB/images/00647.jpg,mask/00647.jpg
dataset/GTSDB/images/00648.jpg,mask/00648.jpg
dataset/GTSDB/images/00649.jpg,mask/00649.jpg
dataset/GTSDB/images/00650.jpg,mask/00650.jpg
dataset/GTSDB/images/00650.jpg,mask/00650.jpg
dataset/GTSDB/images/00651.jpg,mask/00651.jpg
dataset/GTSDB/images/00651.jpg,mask/00651.jpg
dataset/GTSDB/images/00653.jpg,mask/00653.jpg
dataset/GTSDB/images/00653.jpg,mask/00653.jpg
dataset/GTSDB/images/00654.jpg,mask/00654.jpg
dataset/GTSDB/images/00655.jpg,mask/00655.jpg
dataset/GTSDB/images/00655.jpg,mask/00655.jpg
dataset/GTSDB/images/00656.jpg,mask/00656.jpg
dataset/GTSDB/images/00657.jpg,mask/00657.jpg
dataset/GTSDB/images/00658.jpg,mask/00658.jpg
dataset/GTSDB/images/00659.jpg,mask/00659.jpg
dataset/GTSDB/images/00660.jpg,mask/00660.jpg
dataset/GTSDB/images/00661.jpg,mask/00661.jpg
dataset/GTSDB/images/00662.jpg,mask/00662.jpg
dataset/GTSDB/images/00663.jpg,mask/00663.jpg
dataset/GTSDB/images/00665.jpg,mask/00665.jpg
dataset/GTSDB/images/00665.jpg,mask/00665.jpg
dataset/GTSDB/images/00667.jpg,mask/00667.jpg
dataset/GTSDB/images/00668.jpg,mask/00668.jpg
dataset/GTSDB/images/00668.jpg,mask/00668.jpg
dataset/GTSDB/images/00669.jpg,mask/00669.jpg
dataset/GTSDB/images/00670.jpg,mask/00670.jpg
dataset/GTSDB/images/00671.jpg,mask/00671.jpg
dataset/GTSDB/images/00671.jpg,mask/00671.jpg
dataset/GTSDB/images/00672.jpg,mask/00672.jpg
dataset/GTSDB/images/00672.jpg,mask/00672.jpg
dataset/GTSDB/images/00673.jpg,mask/00673.jpg
dataset/GTSDB/images/00674.jpg,mask/00674.jpg
dataset/GTSDB/images/00675.jpg,mask/00675.jpg
dataset/GTSDB/images/00675.jpg,mask/00675.jpg
dataset/GTSDB/images/00675.jpg,mask/00675.jpg
dataset/GTSDB/images/00678.jpg,mask/00678.jpg
dataset/GTSDB/images/00679.jpg,mask/00679.jpg
dataset/GTSDB/images/00679.jpg,mask/00679.jpg
dataset/GTSDB/images/00680.jpg,mask/00680.jpg
dataset/GTSDB/images/00680.jpg,mask/00680.jpg
dataset/GTSDB/images/00681.jpg,mask/00681.jpg
dataset/GTSDB/images/00682.jpg,mask/00682.jpg
dataset/GTSDB/images/00682.jpg,mask/00682.jpg
dataset/GTSDB/images/00682.jpg,mask/00682.jpg
dataset/GTSDB/images/00683.jpg,mask/00683.jpg
dataset/GTSDB/images/00683.jpg,mask/00683.jpg
dataset/GTSDB/images/00685.jpg,mask/00685.jpg
dataset/GTSDB/images/00686.jpg,mask/00686.jpg
dataset/GTSDB/images/00688.jpg,mask/00688.jpg
dataset/GTSDB/images/00688.jpg,mask/00688.jpg
dataset/GTSDB/images/00689.jpg,mask/00689.jpg
dataset/GTSDB/images/00689.jpg,mask/00689.jpg
dataset/GTSDB/images/00690.jpg,mask/00690.jpg
dataset/GTSDB/images/00691.jpg,mask/00691.jpg
dataset/GTSDB/images/00691.jpg,mask/00691.jpg
dataset/GTSDB/images/00692.jpg,mask/00692.jpg
dataset/GTSDB/images/00693.jpg,mask/00693.jpg
dataset/GTSDB/images/00694.jpg,mask/00694.jpg
dataset/GTSDB/images/00695.jpg,mask/00695.jpg
dataset/GTSDB/images/00696.jpg,mask/00696.jpg
dataset/GTSDB/images/00697.jpg,mask/00697.jpg
dataset/GTSDB/images/00698.jpg,mask/00698.jpg
dataset/GTSDB/images/00699.jpg,mask/00699.jpg
dataset/GTSDB/images/00700.jpg,mask/00700.jpg
dataset/GTSDB/images/00701.jpg,mask/00701.jpg
dataset/GTSDB/images/00701.jpg,mask/00701.jpg
dataset/GTSDB/images/00702.jpg,mask/00702.jpg
dataset/GTSDB/images/00703.jpg,mask/00703.jpg
dataset/GTSDB/images/00703.jpg,mask/00703.jpg
dataset/GTSDB/images/00704.jpg,mask/00704.jpg
dataset/GTSDB/images/00705.jpg,mask/00705.jpg
dataset/GTSDB/images/00706.jpg,mask/00706.jpg
dataset/GTSDB/images/00710.jpg,mask/00710.jpg
dataset/GTSDB/images/00712.jpg,mask/00712.jpg
dataset/GTSDB/images/00714.jpg,mask/00714.jpg
dataset/GTSDB/images/00715.jpg,mask/00715.jpg
dataset/GTSDB/images/00716.jpg,mask/00716.jpg
dataset/GTSDB/images/00716.jpg,mask/00716.jpg
dataset/GTSDB/images/00717.jpg,mask/00717.jpg
dataset/GTSDB/images/00719.jpg,mask/00719.jpg
dataset/GTSDB/images/00720.jpg,mask/00720.jpg
dataset/GTSDB/images/00721.jpg,mask/00721.jpg
dataset/GTSDB/images/00722.jpg,mask/00722.jpg
dataset/GTSDB/images/00722.jpg,mask/00722.jpg
dataset/GTSDB/images/00723.jpg,mask/00723.jpg
dataset/GTSDB/images/00723.jpg,mask/00723.jpg
dataset/GTSDB/images/00723.jpg,mask/00723.jpg
dataset/GTSDB/images/00725.jpg,mask/00725.jpg
dataset/GTSDB/images/00728.jpg,mask/00728.jpg
dataset/GTSDB/images/00729.jpg,mask/00729.jpg
dataset/GTSDB/images/00730.jpg,mask/00730.jpg
dataset/GTSDB/images/00730.jpg,mask/00730.jpg
dataset/GTSDB/images/00732.jpg,mask/00732.jpg
dataset/GTSDB/images/00733.jpg,mask/00733.jpg
dataset/GTSDB/images/00733.jpg,mask/00733.jpg
dataset/GTSDB/images/00733.jpg,mask/00733.jpg
dataset/GTSDB/images/00734.jpg,mask/00734.jpg
dataset/GTSDB/images/00736.jpg,mask/00736.jpg
dataset/GTSDB/images/00737.jpg,mask/00737.jpg
dataset/GTSDB/images/00737.jpg,mask/00737.jpg
dataset/GTSDB/images/00738.jpg,mask/00738.jpg
dataset/GTSDB/images/00740.jpg,mask/00740.jpg
dataset/GTSDB/images/00740.jpg,mask/00740.jpg
dataset/GTSDB/images/00740.jpg,mask/00740.jpg
dataset/GTSDB/images/00741.jpg,mask/00741.jpg
dataset/GTSDB/images/00741.jpg,mask/00741.jpg
dataset/GTSDB/images/00742.jpg,mask/00742.jpg
dataset/GTSDB/images/00742.jpg,mask/00742.jpg
dataset/GTSDB/images/00744.jpg,mask/00744.jpg
dataset/GTSDB/images/00746.jpg,mask/00746.jpg
dataset/GTSDB/images/00746.jpg,mask/00746.jpg
dataset/GTSDB/images/00746.jpg,mask/00746.jpg
dataset/GTSDB/images/00746.jpg,mask/00746.jpg
dataset/GTSDB/images/00747.jpg,mask/00747.jpg
dataset/GTSDB/images/00747.jpg,mask/00747.jpg
dataset/GTSDB/images/00749.jpg,mask/00749.jpg
dataset/GTSDB/images/00749.jpg,mask/00749.jpg
dataset/GTSDB/images/00751.jpg,mask/00751.jpg
dataset/GTSDB/images/00752.jpg,mask/00752.jpg
dataset/GTSDB/images/00754.jpg,mask/00754.jpg
dataset/GTSDB/images/00755.jpg,mask/00755.jpg
dataset/GTSDB/images/00755.jpg,mask/00755.jpg
dataset/GTSDB/images/00755.jpg,mask/00755.jpg
dataset/GTSDB/images/00756.jpg,mask/00756.jpg
dataset/GTSDB/images/00758.jpg,mask/00758.jpg
dataset/GTSDB/images/00758.jpg,mask/00758.jpg
dataset/GTSDB/images/00758.jpg,mask/00758.jpg
dataset/GTSDB/images/00758.jpg,mask/00758.jpg
dataset/GTSDB/images/00760.jpg,mask/00760.jpg
dataset/GTSDB/images/00760.jpg,mask/00760.jpg
dataset/GTSDB/images/00760.jpg,mask/00760.jpg
dataset/GTSDB/images/00760.jpg,mask/00760.jpg
dataset/GTSDB/images/00761.jpg,mask/00761.jpg
dataset/GTSDB/images/00762.jpg,mask/00762.jpg
dataset/GTSDB/images/00762.jpg,mask/00762.jpg
dataset/GTSDB/images/00763.jpg,mask/00763.jpg
dataset/GTSDB/images/00764.jpg,mask/00764.jpg
dataset/GTSDB/images/00766.jpg,mask/00766.jpg
dataset/GTSDB/images/00770.jpg,mask/00770.jpg
dataset/GTSDB/images/00770.jpg,mask/00770.jpg
dataset/GTSDB/images/00770.jpg,mask/00770.jpg
dataset/GTSDB/images/00771.jpg,mask/00771.jpg
dataset/GTSDB/images/00771.jpg,mask/00771.jpg
dataset/GTSDB/images/00771.jpg,mask/00771.jpg
dataset/GTSDB/images/00772.jpg,mask/00772.jpg
dataset/GTSDB/images/00773.jpg,mask/00773.jpg
dataset/GTSDB/images/00773.jpg,mask/00773.jpg
dataset/GTSDB/images/00774.jpg,mask/00774.jpg
dataset/GTSDB/images/00775.jpg,mask/00775.jpg
dataset/GTSDB/images/00776.jpg,mask/00776.jpg
dataset/GTSDB/images/00776.jpg,mask/00776.jpg
dataset/GTSDB/images/00776.jpg,mask/00776.jpg
dataset/GTSDB/images/00777.jpg,mask/00777.jpg
dataset/GTSDB/images/00777.jpg,mask/00777.jpg
dataset/GTSDB/images/00778.jpg,mask/00778.jpg
dataset/GTSDB/images/00779.jpg,mask/00779.jpg
dataset/GTSDB/images/00780.jpg,mask/00780.jpg
dataset/GTSDB/images/00780.jpg,mask/00780.jpg
dataset/GTSDB/images/00780.jpg,mask/00780.jpg
dataset/GTSDB/images/00780.jpg,mask/00780.jpg
dataset/GTSDB/images/00782.jpg,mask/00782.jpg
dataset/GTSDB/images/00782.jpg,mask/00782.jpg
dataset/GTSDB/images/00783.jpg,mask/00783.jpg
dataset/GTSDB/images/00784.jpg,mask/00784.jpg
dataset/GTSDB/images/00785.jpg,mask/00785.jpg
dataset/GTSDB/images/00785.jpg,mask/00785.jpg
dataset/GTSDB/images/00785.jpg,mask/00785.jpg
dataset/GTSDB/images/00785.jpg,mask/00785.jpg
dataset/GTSDB/images/00787.jpg,mask/00787.jpg
dataset/GTSDB/images/00787.jpg,mask/00787.jpg
dataset/GTSDB/images/00788.jpg,mask/00788.jpg
dataset/GTSDB/images/00789.jpg,mask/00789.jpg
dataset/GTSDB/images/00791.jpg,mask/00791.jpg
dataset/GTSDB/images/00791.jpg,mask/00791.jpg
dataset/GTSDB/images/00794.jpg,mask/00794.jpg
dataset/GTSDB/images/00795.jpg,mask/00795.jpg
dataset/GTSDB/images/00797.jpg,mask/00797.jpg
dataset/GTSDB/images/00797.jpg,mask/00797.jpg
dataset/GTSDB/images/00797.jpg,mask/00797.jpg
dataset/GTSDB/images/00797.jpg,mask/00797.jpg
dataset/GTSDB/images/00798.jpg,mask/00798.jpg
dataset/GTSDB/images/00798.jpg,mask/00798.jpg
dataset/GTSDB/images/00801.jpg,mask/00801.jpg
dataset/GTSDB/images/00803.jpg,mask/00803.jpg
dataset/GTSDB/images/00803.jpg,mask/00803.jpg
dataset/GTSDB/images/00805.jpg,mask/00805.jpg
dataset/GTSDB/images/00806.jpg,mask/00806.jpg
dataset/GTSDB/images/00807.jpg,mask/00807.jpg
dataset/GTSDB/images/00808.jpg,mask/00808.jpg
dataset/GTSDB/images/00808.jpg,mask/00808.jpg
dataset/GTSDB/images/00809.jpg,mask/00809.jpg
dataset/GTSDB/images/00810.jpg,mask/00810.jpg
dataset/GTSDB/images/00810.jpg,mask/00810.jpg
dataset/GTSDB/images/00811.jpg,mask/00811.jpg
dataset/GTSDB/images/00813.jpg,mask/00813.jpg
dataset/GTSDB/images/00813.jpg,mask/00813.jpg
dataset/GTSDB/images/00817.jpg,mask/00817.jpg
dataset/GTSDB/images/00818.jpg,mask/00818.jpg
dataset/GTSDB/images/00820.jpg,mask/00820.jpg
dataset/GTSDB/images/00821.jpg,mask/00821.jpg
dataset/GTSDB/images/00821.jpg,mask/00821.jpg
dataset/GTSDB/images/00822.jpg,mask/00822.jpg
dataset/GTSDB/images/00823.jpg,mask/00823.jpg
dataset/GTSDB/images/00823.jpg,mask/00823.jpg
dataset/GTSDB/images/00823.jpg,mask/00823.jpg
dataset/GTSDB/images/00824.jpg,mask/00824.jpg
dataset/GTSDB/images/00825.jpg,mask/00825.jpg
dataset/GTSDB/images/00827.jpg,mask/00827.jpg
dataset/GTSDB/images/00827.jpg,mask/00827.jpg
dataset/GTSDB/images/00828.jpg,mask/00828.jpg
dataset/GTSDB/images/00829.jpg,mask/00829.jpg
dataset/GTSDB/images/00829.jpg,mask/00829.jpg
dataset/GTSDB/images/00831.jpg,mask/00831.jpg
dataset/GTSDB/images/00833.jpg,mask/00833.jpg
dataset/GTSDB/images/00834.jpg,mask/00834.jpg
dataset/GTSDB/images/00835.jpg,mask/00835.jpg
dataset/GTSDB/images/00837.jpg,mask/00837.jpg
dataset/GTSDB/images/00838.jpg,mask/00838.jpg
dataset/GTSDB/images/00838.jpg,mask/00838.jpg
dataset/GTSDB/images/00839.jpg,mask/00839.jpg
dataset/GTSDB/images/00839.jpg,mask/00839.jpg
dataset/GTSDB/images/00839.jpg,mask/00839.jpg
dataset/GTSDB/images/00839.jpg,mask/00839.jpg
dataset/GTSDB/images/00841.jpg,mask/00841.jpg
dataset/GTSDB/images/00842.jpg,mask/00842.jpg
dataset/GTSDB/images/00844.jpg,mask/00844.jpg
dataset/GTSDB/images/00845.jpg,mask/00845.jpg
dataset/GTSDB/images/00846.jpg,mask/00846.jpg
dataset/GTSDB/images/00846.jpg,mask/00846.jpg
dataset/GTSDB/images/00848.jpg,mask/00848.jpg
dataset/GTSDB/images/00849.jpg,mask/00849.jpg
dataset/GTSDB/images/00849.jpg,mask/00849.jpg
dataset/GTSDB/images/00850.jpg,mask/00850.jpg
dataset/GTSDB/images/00851.jpg,mask/00851.jpg
dataset/GTSDB/images/00852.jpg,mask/00852.jpg
dataset/GTSDB/images/00853.jpg,mask/00853.jpg
dataset/GTSDB/images/00853.jpg,mask/00853.jpg
dataset/GTSDB/images/00853.jpg,mask/00853.jpg
dataset/GTSDB/images/00855.jpg,mask/00855.jpg
dataset/GTSDB/images/00855.jpg,mask/00855.jpg
dataset/GTSDB/images/00857.jpg,mask/00857.jpg
dataset/GTSDB/images/00857.jpg,mask/00857.jpg
dataset/GTSDB/images/00858.jpg,mask/00858.jpg
dataset/GTSDB/images/00859.jpg,mask/00859.jpg
dataset/GTSDB/images/00860.jpg,mask/00860.jpg
dataset/GTSDB/images/00862.jpg,mask/00862.jpg
dataset/GTSDB/images/00863.jpg,mask/00863.jpg
dataset/GTSDB/images/00863.jpg,mask/00863.jpg
dataset/GTSDB/images/00864.jpg,mask/00864.jpg
dataset/GTSDB/images/00865.jpg,mask/00865.jpg
dataset/GTSDB/images/00865.jpg,mask/00865.jpg
dataset/GTSDB/images/00866.jpg,mask/00866.jpg
dataset/GTSDB/images/00867.jpg,mask/00867.jpg
dataset/GTSDB/images/00867.jpg,mask/00867.jpg
dataset/GTSDB/images/00868.jpg,mask/00868.jpg
dataset/GTSDB/images/00868.jpg,mask/00868.jpg
dataset/GTSDB/images/00869.jpg,mask/00869.jpg
dataset/GTSDB/images/00869.jpg,mask/00869.jpg
dataset/GTSDB/images/00870.jpg,mask/00870.jpg
dataset/GTSDB/images/00870.jpg,mask/00870.jpg
dataset/GTSDB/images/00871.jpg,mask/00871.jpg
dataset/GTSDB/images/00871.jpg,mask/00871.jpg
dataset/GTSDB/images/00872.jpg,mask/00872.jpg
dataset/GTSDB/images/00872.jpg,mask/00872.jpg
dataset/GTSDB/images/00874.jpg,mask/00874.jpg
dataset/GTSDB/images/00876.jpg,mask/00876.jpg
dataset/GTSDB/images/00876.jpg,mask/00876.jpg
dataset/GTSDB/images/00879.jpg,mask/00879.jpg
dataset/GTSDB/images/00879.jpg,mask/00879.jpg
dataset/GTSDB/images/00881.jpg,mask/00881.jpg
dataset/GTSDB/images/00881.jpg,mask/00881.jpg
dataset/GTSDB/images/00882.jpg,mask/00882.jpg
dataset/GTSDB/images/00884.jpg,mask/00884.jpg
dataset/GTSDB/images/00884.jpg,mask/00884.jpg
dataset/GTSDB/images/00885.jpg,mask/00885.jpg
dataset/GTSDB/images/00885.jpg,mask/00885.jpg
dataset/GTSDB/images/00886.jpg,mask/00886.jpg
dataset/GTSDB/images/00886.jpg,mask/00886.jpg
dataset/GTSDB/images/00888.jpg,mask/00888.jpg
dataset/GTSDB/images/00888.jpg,mask/00888.jpg
dataset/GTSDB/images/00891.jpg,mask/00891.jpg
dataset/GTSDB/images/00891.jpg,mask/00891.jpg
dataset/GTSDB/images/00893.jpg,mask/00893.jpg
dataset/GTSDB/images/00894.jpg,mask/00894.jpg
dataset/GTSDB/images/00894.jpg,mask/00894.jpg
dataset/GTSDB/images/00894.jpg,mask/00894.jpg
dataset/GTSDB/images/00895.jpg,mask/00895.jpg
dataset/GTSDB/images/00895.jpg,mask/00895.jpg
dataset/GTSDB/images/00896.jpg,mask/00896.jpg
dataset/GTSDB/images/00897.jpg,mask/00897.jpg
dataset/GTSDB/images/00898.jpg,mask/00898.jpg
dataset/GTSDB/images/00898.jpg,mask/00898.jpg
dataset/GTSDB/images/00899.jpg,mask/00899.jpg